"Employee Code","Name","DOB","Gender","Email","Mobile","Department","Designation","Grade","Date of Joining","VIP"
"EMP0001","Aarav Sharma","1976-03-14","Male","aarav.sharma001@examplecorp.test","9700000001","ENGG","SWE","IC","2020-01-30","No"
"EMP0002","Vivaan Nair","1976-05-26","Female","vivaan.nair002@examplecorp.test","9700000002","HR","SSE","SMGR","2020-02-28","No"
"EMP0003","Aditya Chatterjee","1976-08-07","Non-Binary","aditya.chatterjee003@examplecorp.test","9700000003","FIN","MGR","SMGR","2020-03-28","No"
"EMP0004","Vihaan Verma","1976-10-19","Prefer Not to Say","vihaan.verma004@examplecorp.test","9700000004","SALES","DIR","DIR","2020-04-26","Yes"
"EMP0005","Arjun Rao","1976-12-31","Male","arjun.rao005@examplecorp.test","9700000005","ENGG","SWE","IC","2020-05-25","No"
"EMP0006","Sai Malhotra","1977-03-14","Female","sai.malhotra006@examplecorp.test","9700000006","HR","SSE","SMGR","2020-06-23","No"
"EMP0007","Reyansh Patel","1977-05-26","Non-Binary","reyansh.patel007@examplecorp.test","9700000007","FIN","MGR","MGR","2020-07-22","No"
"EMP0008","Ayaan Kapoor","1977-08-07","Prefer Not to Say","ayaan.kapoor008@examplecorp.test","9700000008","SALES","DIR","DIR","2020-08-20","Yes"
"EMP0009","Krishna Jain","1977-10-19","Male","krishna.jain009@examplecorp.test","9700000009","ENGG","SWE","IC","2020-09-18","No"
"EMP0010","Ishaan Mehta","1977-12-31","Female","ishaan.mehta010@examplecorp.test","9700000010","HR","SSE","SMGR","2020-10-17","No"
"EMP0011","Shaurya Joshi","1978-03-14","Non-Binary","shaurya.joshi011@examplecorp.test","9700000011","FIN","DIR","VP","2020-11-15","Yes"
"EMP0012","Atharv Agarwal","1978-05-26","Prefer Not to Say","atharv.agarwal012@examplecorp.test","9700000012","SALES","SWE","IC","2020-12-14","No"
"EMP0013","Kabir Singh","1978-08-07","Male","kabir.singh013@examplecorp.test","9700000013","ENGG","SSE","SMGR","2021-01-12","Yes"
"EMP0014","Rudra Desai","1978-10-19","Female","rudra.desai014@examplecorp.test","9700000014","HR","MGR","MGR","2021-02-10","No"
"EMP0015","Anika Shetty","1978-12-31","Non-Binary","anika.shetty015@examplecorp.test","9700000015","FIN","DIR","VP","2021-03-11","Yes"
"EMP0016","Aadhya Gupta","1979-03-14","Prefer Not to Say","aadhya.gupta016@examplecorp.test","9700000016","SALES","SWE","IC","2021-04-09","No"
"EMP0017","Kiara Kulkarni","1979-05-26","Male","kiara.kulkarni017@examplecorp.test","9700000017","ENGG","SSE","SMGR","2021-05-08","No"
"EMP0018","Diya Pillai","1979-08-07","Female","diya.pillai018@examplecorp.test","9700000018","HR","MGR","SMGR","2021-06-06","No"
"EMP0019","Myra Iyer","1979-10-19","Non-Binary","myra.iyer019@examplecorp.test","9700000019","FIN","DIR","VP","2021-07-05","Yes"
"EMP0020","Ira Bose","1979-12-31","Prefer Not to Say","ira.bose020@examplecorp.test","9700000020","SALES","SWE","IC","2021-08-03","No"
"EMP0021","Anaya Sharma","1980-03-13","Male","anaya.sharma021@examplecorp.test","9700000021","ENGG","MGR","SMGR","2021-09-01","No"
"EMP0022","Saanvi Nair","1980-05-25","Female","saanvi.nair022@examplecorp.test","9700000022","HR","DIR","DIR","2021-09-30","Yes"
"EMP0023","Avni Chatterjee","1980-08-06","Non-Binary","avni.chatterjee023@examplecorp.test","9700000023","FIN","SWE","IC","2021-10-29","No"
"EMP0024","Pari Verma","1980-10-18","Prefer Not to Say","pari.verma024@examplecorp.test","9700000024","SALES","SSE","SMGR","2021-11-27","No"
"EMP0025","Riya Rao","1980-12-30","Male","riya.rao025@examplecorp.test","9700000025","ENGG","MGR","MGR","2021-12-26","No"
"EMP0026","Meera Malhotra","1981-03-13","Female","meera.malhotra026@examplecorp.test","9700000026","HR","DIR","DIR","2022-01-24","Yes"
"EMP0027","Nisha Patel","1981-05-25","Non-Binary","nisha.patel027@examplecorp.test","9700000027","FIN","SWE","IC","2022-02-22","No"
"EMP0028","Kavya Kapoor","1981-08-06","Prefer Not to Say","kavya.kapoor028@examplecorp.test","9700000028","SALES","SSE","SMGR","2022-03-23","No"
"EMP0029","Tara Jain","1981-10-18","Male","tara.jain029@examplecorp.test","9700000029","ENGG","MGR","MGR","2022-04-21","No"
"EMP0030","Pihu Mehta","1981-12-30","Female","pihu.mehta030@examplecorp.test","9700000030","HR","DIR","DIR","2022-05-20","Yes"
"EMP0031","Aarav Joshi","1982-03-13","Non-Binary","aarav.joshi031@examplecorp.test","9700000031","FIN","SSE","SMGR","2022-06-18","No"
"EMP0032","Vivaan Agarwal","1982-05-25","Prefer Not to Say","vivaan.agarwal032@examplecorp.test","9700000032","SALES","MGR","MGR","2022-07-17","No"
"EMP0033","Aditya Singh","1982-08-06","Male","aditya.singh033@examplecorp.test","9700000033","ENGG","DIR","VP","2022-08-15","Yes"
"EMP0034","Vihaan Desai","1982-10-18","Female","vihaan.desai034@examplecorp.test","9700000034","HR","SWE","IC","2022-09-13","No"
"EMP0035","Arjun Shetty","1982-12-30","Non-Binary","arjun.shetty035@examplecorp.test","9700000035","FIN","SSE","SMGR","2022-10-12","No"
"EMP0036","Sai Gupta","1983-03-13","Prefer Not to Say","sai.gupta036@examplecorp.test","9700000036","SALES","MGR","SMGR","2022-11-10","No"
"EMP0037","Reyansh Kulkarni","1983-05-25","Male","reyansh.kulkarni037@examplecorp.test","9700000037","ENGG","DIR","VP","2022-12-09","Yes"
"EMP0038","Ayaan Pillai","1983-08-06","Female","ayaan.pillai038@examplecorp.test","9700000038","HR","SWE","IC","2023-01-07","No"
"EMP0039","Krishna Iyer","1983-10-18","Non-Binary","krishna.iyer039@examplecorp.test","9700000039","FIN","SSE","SMGR","2023-02-05","Yes"
"EMP0040","Ishaan Bose","1983-12-30","Prefer Not to Say","ishaan.bose040@examplecorp.test","9700000040","SALES","MGR","MGR","2023-03-06","No"
"EMP0041","Shaurya Sharma","1984-03-12","Male","shaurya.sharma041@examplecorp.test","9700000041","ENGG","SWE","IC","2023-04-04","No"
"EMP0042","Atharv Nair","1984-05-24","Female","atharv.nair042@examplecorp.test","9700000042","HR","SSE","SMGR","2023-05-03","No"
"EMP0043","Kabir Chatterjee","1984-08-05","Non-Binary","kabir.chatterjee043@examplecorp.test","9700000043","FIN","MGR","MGR","2023-06-01","No"
"EMP0044","Rudra Verma","1984-10-17","Prefer Not to Say","rudra.verma044@examplecorp.test","9700000044","SALES","DIR","DIR","2023-06-30","Yes"
"EMP0045","Anika Rao","1984-12-29","Male","anika.rao045@examplecorp.test","9700000045","ENGG","SWE","IC","2023-07-29","No"
"EMP0046","Aadhya Malhotra","1985-03-12","Female","aadhya.malhotra046@examplecorp.test","9700000046","HR","SSE","SMGR","2023-08-27","No"
"EMP0047","Kiara Patel","1985-05-24","Non-Binary","kiara.patel047@examplecorp.test","9700000047","FIN","MGR","MGR","2023-09-25","No"
"EMP0048","Diya Kapoor","1985-08-05","Prefer Not to Say","diya.kapoor048@examplecorp.test","9700000048","SALES","DIR","DIR","2023-10-24","Yes"
"EMP0049","Myra Jain","1985-10-17","Male","myra.jain049@examplecorp.test","9700000049","ENGG","SWE","IC","2023-11-22","No"
"EMP0050","Ira Mehta","1985-12-29","Female","ira.mehta050@examplecorp.test","9700000050","HR","SSE","SMGR","2023-12-21","No"
"EMP0051","Anaya Joshi","1986-03-12","Non-Binary","anaya.joshi051@examplecorp.test","9700000051","FIN","DIR","VP","2024-01-19","Yes"
"EMP0052","Saanvi Agarwal","1986-05-24","Prefer Not to Say","saanvi.agarwal052@examplecorp.test","9700000052","SALES","SWE","IC","2024-02-17","Yes"
"EMP0053","Avni Singh","1986-08-05","Male","avni.singh053@examplecorp.test","9700000053","ENGG","SSE","SMGR","2024-03-17","No"
"EMP0054","Pari Desai","1986-10-17","Female","pari.desai054@examplecorp.test","9700000054","HR","MGR","SMGR","2024-04-15","No"
"EMP0055","Riya Shetty","1986-12-29","Non-Binary","riya.shetty055@examplecorp.test","9700000055","FIN","DIR","VP","2024-05-14","Yes"
"EMP0056","Meera Gupta","1987-03-12","Prefer Not to Say","meera.gupta056@examplecorp.test","9700000056","SALES","SWE","IC","2024-06-12","No"
"EMP0057","Nisha Kulkarni","1987-05-24","Male","nisha.kulkarni057@examplecorp.test","9700000057","ENGG","SSE","SMGR","2024-07-11","No"
"EMP0058","Kavya Pillai","1987-08-05","Female","kavya.pillai058@examplecorp.test","9700000058","HR","MGR","MGR","2024-08-09","No"
"EMP0059","Tara Iyer","1987-10-17","Non-Binary","tara.iyer059@examplecorp.test","9700000059","FIN","DIR","VP","2024-09-07","Yes"
"EMP0060","Pihu Bose","1987-12-29","Prefer Not to Say","pihu.bose060@examplecorp.test","9700000060","SALES","SWE","IC","2024-10-06","No"
"EMP0061","Aarav Sharma","1988-03-11","Male","aarav.sharma061@examplecorp.test","9700000061","ENGG","MGR","MGR","2024-11-04","No"
"EMP0062","Vivaan Nair","1988-05-23","Female","vivaan.nair062@examplecorp.test","9700000062","HR","DIR","DIR","2024-12-03","Yes"
"EMP0063","Aditya Chatterjee","1988-08-04","Non-Binary","aditya.chatterjee063@examplecorp.test","9700000063","FIN","SWE","IC","2025-01-01","No"
"EMP0064","Vihaan Verma","1988-10-16","Prefer Not to Say","vihaan.verma064@examplecorp.test","9700000064","SALES","SSE","SMGR","2025-01-30","No"
"EMP0065","Arjun Rao","1988-12-28","Male","arjun.rao065@examplecorp.test","9700000065","ENGG","MGR","MGR","2025-02-28","Yes"
"EMP0066","Sai Malhotra","1989-03-11","Female","sai.malhotra066@examplecorp.test","9700000066","HR","DIR","DIR","2025-03-29","Yes"
"EMP0067","Reyansh Patel","1989-05-23","Non-Binary","reyansh.patel067@examplecorp.test","9700000067","FIN","SWE","IC","2025-04-27","No"
"EMP0068","Ayaan Kapoor","1989-08-04","Prefer Not to Say","ayaan.kapoor068@examplecorp.test","9700000068","SALES","SSE","SMGR","2025-05-26","No"
"EMP0069","Krishna Jain","1989-10-16","Male","krishna.jain069@examplecorp.test","9700000069","ENGG","MGR","SMGR","2025-06-24","No"
"EMP0070","Ishaan Mehta","1989-12-28","Female","ishaan.mehta070@examplecorp.test","9700000070","HR","DIR","DIR","2025-07-23","Yes"
"EMP0071","Shaurya Joshi","1990-03-11","Non-Binary","shaurya.joshi071@examplecorp.test","9700000071","FIN","SSE","SMGR","2025-08-21","No"
"EMP0072","Atharv Agarwal","1990-05-23","Prefer Not to Say","atharv.agarwal072@examplecorp.test","9700000072","SALES","MGR","SMGR","2025-09-19","No"
"EMP0073","Kabir Singh","1990-08-04","Male","kabir.singh073@examplecorp.test","9700000073","ENGG","DIR","VP","2025-10-18","Yes"
"EMP0074","Rudra Desai","1990-10-16","Female","rudra.desai074@examplecorp.test","9700000074","HR","SWE","IC","2025-11-16","No"
"EMP0075","Anika Shetty","1990-12-28","Non-Binary","anika.shetty075@examplecorp.test","9700000075","FIN","SSE","SMGR","2025-12-15","No"
"EMP0076","Aadhya Gupta","1991-03-11","Prefer Not to Say","aadhya.gupta076@examplecorp.test","9700000076","SALES","MGR","MGR","2020-01-05","No"
"EMP0077","Kiara Kulkarni","1991-05-23","Male","kiara.kulkarni077@examplecorp.test","9700000077","ENGG","DIR","VP","2020-02-03","Yes"
"EMP0078","Diya Pillai","1991-08-04","Female","diya.pillai078@examplecorp.test","9700000078","HR","SWE","IC","2020-03-03","Yes"
"EMP0079","Myra Iyer","1991-10-16","Non-Binary","myra.iyer079@examplecorp.test","9700000079","FIN","SSE","SMGR","2020-04-01","No"
"EMP0080","Ira Bose","1991-12-28","Prefer Not to Say","ira.bose080@examplecorp.test","9700000080","SALES","MGR","MGR","2020-04-30","No"
"EMP0081","Anaya Sharma","1992-03-10","Male","anaya.sharma081@examplecorp.test","9700000081","ENGG","SWE","IC","2020-05-29","No"
"EMP0082","Saanvi Nair","1992-05-22","Female","saanvi.nair082@examplecorp.test","9700000082","HR","SSE","SMGR","2020-06-27","No"
"EMP0083","Avni Chatterjee","1992-08-03","Non-Binary","avni.chatterjee083@examplecorp.test","9700000083","FIN","MGR","MGR","2020-07-26","No"
"EMP0084","Pari Verma","1992-10-15","Prefer Not to Say","pari.verma084@examplecorp.test","9700000084","SALES","DIR","DIR","2020-08-24","Yes"
"EMP0085","Riya Rao","1992-12-27","Male","riya.rao085@examplecorp.test","9700000085","ENGG","SWE","IC","2020-09-22","No"
"EMP0086","Meera Malhotra","1993-03-10","Female","meera.malhotra086@examplecorp.test","9700000086","HR","SSE","SMGR","2020-10-21","No"
"EMP0087","Nisha Patel","1993-05-22","Non-Binary","nisha.patel087@examplecorp.test","9700000087","FIN","MGR","SMGR","2020-11-19","No"
"EMP0088","Kavya Kapoor","1993-08-03","Prefer Not to Say","kavya.kapoor088@examplecorp.test","9700000088","SALES","DIR","DIR","2020-12-18","Yes"
"EMP0089","Tara Jain","1993-10-15","Male","tara.jain089@examplecorp.test","9700000089","ENGG","SWE","IC","2021-01-16","No"
"EMP0090","Pihu Mehta","1993-12-27","Female","pihu.mehta090@examplecorp.test","9700000090","HR","SSE","SMGR","2021-02-14","No"
"EMP0091","Aarav Joshi","1994-03-10","Non-Binary","aarav.joshi091@examplecorp.test","9700000091","FIN","DIR","VP","2021-03-15","Yes"
"EMP0092","Vivaan Agarwal","1994-05-22","Prefer Not to Say","vivaan.agarwal092@examplecorp.test","9700000092","SALES","SWE","IC","2021-04-13","No"
"EMP0093","Aditya Singh","1994-08-03","Male","aditya.singh093@examplecorp.test","9700000093","ENGG","SSE","SMGR","2021-05-12","No"
"EMP0094","Vihaan Desai","1994-10-15","Female","vihaan.desai094@examplecorp.test","9700000094","HR","MGR","MGR","2021-06-10","No"
"EMP0095","Arjun Shetty","1994-12-27","Non-Binary","arjun.shetty095@examplecorp.test","9700000095","FIN","DIR","VP","2021-07-09","Yes"
"EMP0096","Sai Gupta","1995-03-10","Prefer Not to Say","sai.gupta096@examplecorp.test","9700000096","SALES","SWE","IC","2021-08-07","No"
"EMP0097","Reyansh Kulkarni","1995-05-22","Male","reyansh.kulkarni097@examplecorp.test","9700000097","ENGG","SSE","SMGR","2021-09-05","No"
"EMP0098","Ayaan Pillai","1995-08-03","Female","ayaan.pillai098@examplecorp.test","9700000098","HR","MGR","MGR","2021-10-04","No"
"EMP0099","Krishna Iyer","1995-10-15","Non-Binary","krishna.iyer099@examplecorp.test","9700000099","FIN","DIR","VP","2021-11-02","Yes"
"EMP0100","Ishaan Bose","1995-12-27","Prefer Not to Say","ishaan.bose100@examplecorp.test","9700000100","SALES","SWE","IC","2021-12-01","No"
"EMP0101","Shaurya Sharma","1996-03-09","Male","shaurya.sharma101@examplecorp.test","9700000101","ENGG","MGR","MGR","2021-12-30","No"
"EMP0102","Atharv Nair","1996-05-21","Female","atharv.nair102@examplecorp.test","9700000102","HR","DIR","DIR","2022-01-28","Yes"
"EMP0103","Kabir Chatterjee","1996-08-02","Non-Binary","kabir.chatterjee103@examplecorp.test","9700000103","FIN","SWE","IC","2022-02-26","No"
"EMP0104","Rudra Verma","1996-10-14","Prefer Not to Say","rudra.verma104@examplecorp.test","9700000104","SALES","SSE","SMGR","2022-03-27","Yes"
"EMP0105","Anika Rao","1996-12-26","Male","anika.rao105@examplecorp.test","9700000105","ENGG","MGR","SMGR","2022-04-25","No"
"EMP0106","Aadhya Malhotra","1997-03-09","Female","aadhya.malhotra106@examplecorp.test","9700000106","HR","DIR","DIR","2022-05-24","Yes"
"EMP0107","Kiara Patel","1997-05-21","Non-Binary","kiara.patel107@examplecorp.test","9700000107","FIN","SWE","IC","2022-06-22","No"
"EMP0108","Diya Kapoor","1997-08-02","Prefer Not to Say","diya.kapoor108@examplecorp.test","9700000108","SALES","SSE","SMGR","2022-07-21","No"
"EMP0109","Myra Jain","1997-10-14","Male","myra.jain109@examplecorp.test","9700000109","ENGG","MGR","MGR","2022-08-19","No"
"EMP0110","Ira Mehta","1997-12-26","Female","ira.mehta110@examplecorp.test","9700000110","HR","DIR","DIR","2022-09-17","Yes"
"EMP0111","Anaya Joshi","1998-03-09","Non-Binary","anaya.joshi111@examplecorp.test","9700000111","FIN","SSE","SMGR","2022-10-16","No"
"EMP0112","Saanvi Agarwal","1998-05-21","Prefer Not to Say","saanvi.agarwal112@examplecorp.test","9700000112","SALES","MGR","MGR","2022-11-14","No"
"EMP0113","Avni Singh","1998-08-02","Male","avni.singh113@examplecorp.test","9700000113","ENGG","DIR","VP","2022-12-13","Yes"
"EMP0114","Pari Desai","1998-10-14","Female","pari.desai114@examplecorp.test","9700000114","HR","SWE","IC","2023-01-11","No"
"EMP0115","Riya Shetty","1998-12-26","Non-Binary","riya.shetty115@examplecorp.test","9700000115","FIN","SSE","SMGR","2023-02-09","No"
"EMP0116","Meera Gupta","1999-03-09","Prefer Not to Say","meera.gupta116@examplecorp.test","9700000116","SALES","MGR","MGR","2023-03-10","No"
"EMP0117","Nisha Kulkarni","1999-05-21","Male","nisha.kulkarni117@examplecorp.test","9700000117","ENGG","DIR","VP","2023-04-08","Yes"
"EMP0118","Kavya Pillai","1999-08-02","Female","kavya.pillai118@examplecorp.test","9700000118","HR","SWE","IC","2023-05-07","No"
"EMP0119","Tara Iyer","1999-10-14","Non-Binary","tara.iyer119@examplecorp.test","9700000119","FIN","SSE","SMGR","2023-06-05","No"
"EMP0120","Pihu Bose","1999-12-26","Prefer Not to Say","pihu.bose120@examplecorp.test","9700000120","SALES","MGR","SMGR","2023-07-04","No"
"EMP0121","Aarav Sharma","2000-03-08","Male","aarav.sharma121@examplecorp.test","9700000121","ENGG","SWE","IC","2023-08-02","No"
"EMP0122","Vivaan Nair","2000-05-20","Female","vivaan.nair122@examplecorp.test","9700000122","HR","SSE","SMGR","2023-08-31","No"
"EMP0123","Aditya Chatterjee","2000-08-01","Non-Binary","aditya.chatterjee123@examplecorp.test","9700000123","FIN","MGR","SMGR","2023-09-29","No"
"EMP0124","Vihaan Verma","2000-10-13","Prefer Not to Say","vihaan.verma124@examplecorp.test","9700000124","SALES","DIR","DIR","2023-10-28","Yes"
"EMP0125","Arjun Rao","2000-12-25","Male","arjun.rao125@examplecorp.test","9700000125","ENGG","SWE","IC","2023-11-26","No"
"EMP0126","Sai Malhotra","2001-03-08","Female","sai.malhotra126@examplecorp.test","9700000126","HR","SSE","SMGR","2023-12-25","No"
"EMP0127","Reyansh Patel","2001-05-20","Non-Binary","reyansh.patel127@examplecorp.test","9700000127","FIN","MGR","MGR","2024-01-23","No"
"EMP0128","Ayaan Kapoor","2001-08-01","Prefer Not to Say","ayaan.kapoor128@examplecorp.test","9700000128","SALES","DIR","DIR","2024-02-21","Yes"
"EMP0129","Krishna Jain","2001-10-13","Male","krishna.jain129@examplecorp.test","9700000129","ENGG","SWE","IC","2024-03-21","No"
"EMP0130","Ishaan Mehta","2001-12-25","Female","ishaan.mehta130@examplecorp.test","9700000130","HR","SSE","SMGR","2024-04-19","Yes"
"EMP0131","Shaurya Joshi","1976-03-04","Non-Binary","shaurya.joshi131@examplecorp.test","9700000131","FIN","DIR","VP","2024-05-18","Yes"
"EMP0132","Atharv Agarwal","1976-05-16","Prefer Not to Say","atharv.agarwal132@examplecorp.test","9700000132","SALES","SWE","IC","2024-06-16","No"
"EMP0133","Kabir Singh","1976-07-28","Male","kabir.singh133@examplecorp.test","9700000133","ENGG","SSE","SMGR","2024-07-15","No"
"EMP0134","Rudra Desai","1976-10-09","Female","rudra.desai134@examplecorp.test","9700000134","HR","MGR","MGR","2024-08-13","No"
"EMP0135","Anika Shetty","1976-12-21","Non-Binary","anika.shetty135@examplecorp.test","9700000135","FIN","DIR","VP","2024-09-11","Yes"
"EMP0136","Aadhya Gupta","1977-03-04","Prefer Not to Say","aadhya.gupta136@examplecorp.test","9700000136","SALES","SWE","IC","2024-10-10","No"
"EMP0137","Kiara Kulkarni","1977-05-16","Male","kiara.kulkarni137@examplecorp.test","9700000137","ENGG","SSE","SMGR","2024-11-08","No"
"EMP0138","Diya Pillai","1977-07-28","Female","diya.pillai138@examplecorp.test","9700000138","HR","MGR","SMGR","2024-12-07","No"
"EMP0139","Myra Iyer","1977-10-09","Non-Binary","myra.iyer139@examplecorp.test","9700000139","FIN","DIR","VP","2025-01-05","Yes"
"EMP0140","Ira Bose","1977-12-21","Prefer Not to Say","ira.bose140@examplecorp.test","9700000140","SALES","SWE","IC","2025-02-03","No"
"EMP0141","Anaya Sharma","1978-03-04","Male","anaya.sharma141@examplecorp.test","9700000141","ENGG","MGR","SMGR","2025-03-04","No"
"EMP0142","Saanvi Nair","1978-05-16","Female","saanvi.nair142@examplecorp.test","9700000142","HR","DIR","DIR","2025-04-02","Yes"
"EMP0143","Avni Chatterjee","1978-07-28","Non-Binary","avni.chatterjee143@examplecorp.test","9700000143","FIN","SWE","IC","2025-05-01","Yes"
"EMP0144","Pari Verma","1978-10-09","Prefer Not to Say","pari.verma144@examplecorp.test","9700000144","SALES","SSE","SMGR","2025-05-30","No"
"EMP0145","Riya Rao","1978-12-21","Male","riya.rao145@examplecorp.test","9700000145","ENGG","MGR","MGR","2025-06-28","No"
"EMP0146","Meera Malhotra","1979-03-04","Female","meera.malhotra146@examplecorp.test","9700000146","HR","DIR","DIR","2025-07-27","Yes"
"EMP0147","Nisha Patel","1979-05-16","Non-Binary","nisha.patel147@examplecorp.test","9700000147","FIN","SWE","IC","2025-08-25","No"
"EMP0148","Kavya Kapoor","1979-07-28","Prefer Not to Say","kavya.kapoor148@examplecorp.test","9700000148","SALES","SSE","SMGR","2025-09-23","No"
"EMP0149","Tara Jain","1979-10-09","Male","tara.jain149@examplecorp.test","9700000149","ENGG","MGR","MGR","2025-10-22","No"
"EMP0150","Pihu Mehta","1979-12-21","Female","pihu.mehta150@examplecorp.test","9700000150","HR","DIR","DIR","2025-11-20","Yes"
